Workbook

Sheet Llamadas Entrantes
A1: REPORTE DE LLAMADAS ENTRANTES
A3: Filtros Aplicados:
A4: Rango de Fecha:
A5: Línea / Extensión:
A6: Total Registros (Tipo): | B6: =COUNTIF('Registros de Llamadas'!I2:I10000, "Entrante")
A8: Métrica | B8: Valor
A9: Total Llamadas | B9: =COUNTIF('Registros de Llamadas'!I2:I10000, "Entrante")
A10: Contestadas (ANSWERED) | B10: =COUNTIFS('Registros de Llamadas'!H2:H10000, "ANSWERED", 'Registros de Llamadas'!I2:I10000, "Entrante")
A11: No Contestadas (NO ANSWER) | B11: =COUNTIFS('Registros de Llamadas'!H2:H10000, "NO ANSWER", 'Registros de Llamadas'!I2:I10000, "Entrante")
A12: Ocupadas (BUSY) | B12: =COUNTIFS('Registros de Llamadas'!H2:H10000, "BUSY", 'Registros de Llamadas'!I2:I10000, "Entrante")
A13: Fallidas (FAILED) | B13: =COUNTIFS('Registros de Llamadas'!H2:H10000, "FAILED", 'Registros de Llamadas'!I2:I10000, "Entrante")
A14: Porcentaje de Efectividad | B14: =IF(B9>0, B10/B9, 0)

Sheet Llamadas Salientes
A1: REPORTE DE LLAMADAS SALIENTES
A3: Filtros Aplicados:
A4: Rango de Fecha:
A5: Línea / Extensión:
A6: Total Registros (Tipo): | B6: =COUNTIF('Registros de Llamadas'!I2:I10000, "Saliente")
A8: Métrica | B8: Valor
A9: Total Llamadas | B9: =COUNTIF('Registros de Llamadas'!I2:I10000, "Saliente")
A10: Contestadas (ANSWERED) | B10: =COUNTIFS('Registros de Llamadas'!H2:H10000, "ANSWERED", 'Registros de Llamadas'!I2:I10000, "Saliente")
A11: No Contestadas (NO ANSWER) | B11: =COUNTIFS('Registros de Llamadas'!H2:H10000, "NO ANSWER", 'Registros de Llamadas'!I2:I10000, "Saliente")
A12: Ocupadas (BUSY) | B12: =COUNTIFS('Registros de Llamadas'!H2:H10000, "BUSY", 'Registros de Llamadas'!I2:I10000, "Saliente")
A13: Fallidas (FAILED) | B13: =COUNTIFS('Registros de Llamadas'!H2:H10000, "FAILED", 'Registros de Llamadas'!I2:I10000, "Saliente")
A14: Porcentaje de Efectividad | B14: =IF(B9>0, B10/B9, 0)

Sheet Llamadas Internas
A1: REPORTE DE LLAMADAS INTERNAS
A3: Filtros Aplicados:
A4: Rango de Fecha:
A5: Línea / Extensión:
A6: Total Registros (Tipo): | B6: =COUNTIF('Registros de Llamadas'!I2:I10000, "Interna")
A8: Métrica | B8: Valor
A9: Total Llamadas | B9: =COUNTIF('Registros de Llamadas'!I2:I10000, "Interna")
A10: Contestadas (ANSWERED) | B10: =COUNTIFS('Registros de Llamadas'!H2:H10000, "ANSWERED", 'Registros de Llamadas'!I2:I10000, "Interna")
A11: No Contestadas (NO ANSWER) | B11: =COUNTIFS('Registros de Llamadas'!H2:H10000, "NO ANSWER", 'Registros de Llamadas'!I2:I10000, "Interna")
A12: Ocupadas (BUSY) | B12: =COUNTIFS('Registros de Llamadas'!H2:H10000, "BUSY", 'Registros de Llamadas'!I2:I10000, "Interna")
A13: Fallidas (FAILED) | B13: =COUNTIFS('Registros de Llamadas'!H2:H10000, "FAILED", 'Registros de Llamadas'!I2:I10000, "Interna")
A14: Porcentaje de Efectividad | B14: =IF(B9>0, B10/B9, 0)

Sheet Registros de Llamadas
A1: ID Llamada | B1: Fecha y Hora | C1: Origen (src) | D1: Destino (dst) | E1: Extensión Destino | F1: Duración (seg) | G1: Acción | H1: Estado | I1: Tipo de Llamada
